Month,Min,Max,Mean,Median,Number of records
Oct,3.017,3.368,3.2160712419502326,3.22409,898305
Nov,3.444,4.929,4.229629406690213,4.32015,1457131
Dec,2.67,4.666,4.071756567714764,4.206920000000001,920145
